,3300022228,3300022236,3300022210,3300022207,3300022233,3300022234
KO:K00003,2,1,4,0,4,1
KO:K00012,2,6,3,1,2,1
KO:K00013,2,2,4,1,2,1
KO:K00014,2,1,3,0,0,1
KO:K00018,2,0,3,1,2,1
KO:K00024,3,0,3,2,3,1
KO:K00029,2,1,4,3,2,0
KO:K00031,4,1,8,3,6,2
KO:K00052,2,1,6,2,4,1
KO:K00053,3,1,4,2,4,1
KO:K00057,1,2,1,0,0,1
KO:K00058,4,1,4,2,2,1
KO:K00059,2,2,5,0,2,2
KO:K00075,1,2,2,0,1,1
KO:K00076,2,0,4,0,0,1
KO:K00077,2,0,3,0,1,1
KO:K00088,3,2,5,0,6,1
KO:K00097,2,1,3,1,0,1
KO:K00099,2,0,3,2,0,1
KO:K00103,2,0,4,0,3,0
KO:K00104,2,0,5,1,1,2
KO:K00123,3,0,10,0,4,0
KO:K00128,1,0,0,0,1,0
KO:K00133,2,2,4,0,3,1
KO:K00134,4,3,7,2,3,1
KO:K00135,1,1,0,0,1,0
KO:K00145,2,1,4,2,1,1
KO:K00147,2,2,3,0,0,2
KO:K00161,2,0,3,0,0,0
KO:K00162,1,0,1,0,0,0
KO:K00169,3,0,16,4,4,2
KO:K00170,2,0,11,4,3,2
KO:K00171,2,0,11,1,4,1
KO:K00172,2,0,8,1,4,2
KO:K00174,3,2,10,4,4,0
KO:K00175,2,1,7,2,3,0
KO:K00176,4,0,4,1,2,0
KO:K00177,2,0,7,1,5,0
KO:K00185,2,0,2,0,1,0
KO:K00196,1,0,2,0,1,0
KO:K00208,2,2,3,0,1,1
KO:K00215,2,1,3,0,3,1
KO:K00239,6,0,13,4,4,1
KO:K00240,2,0,4,2,2,2
KO:K00241,2,0,6,3,1,1
KO:K00243,2,0,3,0,1,0
KO:K00245,3,0,5,1,1,1
KO:K00254,3,0,4,0,2,0
KO:K00265,5,3,10,2,5,1
KO:K00266,4,1,10,2,3,1
KO:K00278,4,1,3,0,2,1
KO:K00286,2,1,3,0,0,1
KO:K00290,2,0,9,2,3,0
KO:K00330,2,1,4,2,1,1
KO:K00331,2,1,4,2,4,1
KO:K00332,2,1,7,1,7,0
KO:K00333,3,1,12,3,5,0
KO:K00334,2,1,6,1,4,1
KO:K00336,6,1,20,1,12,1
KO:K00337,2,2,5,3,2,1
KO:K00338,3,1,9,2,2,2
KO:K00339,2,1,6,2,1,1
KO:K00340,2,1,6,1,1,1
KO:K00341,2,1,12,2,6,2
KO:K00342,2,1,8,3,2,1
KO:K00343,2,2,6,1,2,1
KO:K00366,2,0,1,0,0,1
KO:K00372,1,4,5,0,0,0
KO:K00382,1,1,2,0,0,1
KO:K00384,4,2,6,3,3,0
KO:K00390,1,0,0,0,0,1
KO:K00404,3,2,12,0,4,1
KO:K00405,3,2,9,0,3,0
KO:K00406,4,2,8,0,5,0
KO:K00407,3,0,8,0,2,0
KO:K00411,2,1,3,1,1,1
KO:K00412,2,2,7,1,3,1
KO:K00413,2,1,7,0,2,1
KO:K00425,2,0,3,3,5,0
KO:K00426,2,0,4,3,2,0
KO:K00428,3,0,7,1,1,4
KO:K00459,2,0,4,1,2,1
KO:K00524,1,0,0,0,0,0
KO:K00525,3,5,4,0,3,1
KO:K00526,2,2,3,0,1,1
KO:K00527,3,0,1,0,0,0
KO:K00537,2,2,4,1,1,0
KO:K00540,4,1,4,0,3,0
KO:K00548,4,6,8,0,4,0
KO:K00549,2,6,2,0,2,2
KO:K00554,3,2,5,0,3,1
KO:K00557,1,2,2,0,0,0
KO:K00566,3,2,6,0,1,1
KO:K00573,2,1,1,0,0,0
KO:K00600,2,2,4,2,2,1
KO:K00602,3,2,7,0,3,1
KO:K00604,1,1,3,0,1,1
KO:K00606,2,2,7,2,1,1
KO:K00609,1,1,3,1,1,1
KO:K00611,2,0,4,1,3,1
KO:K00612,2,0,1,0,0,0
KO:K00615,2,3,8,0,3,1
KO:K00616,3,0,3,0,2,1
KO:K00619,1,0,2,0,0,1
KO:K00620,1,2,3,0,0,1
KO:K00627,1,2,2,0,0,0
KO:K00640,2,2,2,1,0,0
KO:K00641,2,1,4,1,1,0
KO:K00645,2,2,5,0,1,2
KO:K00648,2,1,3,0,2,1
KO:K00652,3,2,3,0,1,1
KO:K00655,1,2,0,0,0,1
KO:K00666,2,0,2,2,3,0
KO:K00674,2,2,4,3,2,2
KO:K00677,6,1,5,2,3,1
KO:K00684,3,1,5,2,4,1
KO:K00685,1,0,3,0,0,0
KO:K00688,2,0,3,0,1,0
KO:K00694,1,0,1,0,0,1
KO:K00700,2,0,3,0,0,0
KO:K00703,5,0,7,0,1,0
KO:K00721,2,0,4,0,0,0
KO:K00748,2,1,5,1,1,1
KO:K00759,1,2,5,1,0,0
KO:K00762,2,2,6,2,2,1
KO:K00764,2,1,5,1,5,1
KO:K00765,1,1,2,0,1,1
KO:K00766,2,2,3,1,3,2
KO:K00767,3,1,3,0,3,1
KO:K00769,2,0,1,0,0,0
KO:K00773,1,1,1,0,0,1
KO:K00783,1,2,2,0,0,0
KO:K00784,1,0,1,0,0,1
KO:K00786,3,0,4,0,0,0
KO:K00788,5,1,7,0,2,2
KO:K00789,2,2,7,0,2,4
KO:K00790,1,2,4,1,1,1
KO:K00791,1,1,2,1,0,1
KO:K00793,2,1,1,0,1,1
KO:K00794,2,1,3,0,2,1
KO:K00795,3,1,6,1,2,0
KO:K00796,3,1,3,0,0,1
KO:K00797,2,1,5,1,4,1
KO:K00800,3,1,3,1,2,1
KO:K00806,2,1,1,0,0,1
KO:K00812,4,2,4,1,1,1
KO:K00817,2,3,3,0,1,2
KO:K00818,3,1,4,0,1,1
KO:K00820,2,2,4,0,1,1
KO:K00826,2,1,4,1,4,1
KO:K00833,1,2,3,0,0,1
KO:K00845,1,0,2,0,0,0
KO:K00850,1,1,1,0,0,2
KO:K00858,1,1,2,0,0,1
KO:K00859,2,1,3,0,2,1
KO:K00872,1,0,1,1,1,1
KO:K00891,4,1,4,1,1,1
KO:K00901,1,0,1,0,0,0
KO:K00912,2,1,3,1,1,1
KO:K00919,2,0,3,0,0,1
KO:K00925,1,0,3,0,0,0
KO:K00927,3,1,4,0,3,1
KO:K00928,3,2,5,1,3,1
KO:K00930,3,1,3,2,1,1
KO:K00931,2,1,3,1,1,2
KO:K00939,2,1,3,1,2,1
KO:K00940,2,1,4,1,4,1
KO:K00942,2,1,3,0,2,1
KO:K00943,1,0,3,0,1,1
KO:K00946,2,1,3,0,0,1
KO:K00948,2,1,5,1,1,1
KO:K00950,2,1,2,0,0,1
KO:K00951,3,3,5,0,2,1
KO:K00954,1,1,1,0,1,1
KO:K00958,1,0,3,0,0,1
KO:K00962,3,2,7,5,6,1
KO:K00963,2,1,3,1,2,1
KO:K00965,2,0,2,0,0,0
KO:K00966,1,0,1,0,3,0
KO:K00969,3,1,5,0,1,1
KO:K00971,1,0,2,0,0,0
KO:K00973,1,0,1,0,0,0
KO:K00974,1,1,2,0,1,1
KO:K00978,1,0,1,0,0,1
KO:K00979,2,3,2,1,2,1
KO:K00981,3,1,5,1,0,1
KO:K00983,3,1,2,0,0,1
KO:K00990,4,3,8,0,0,1
KO:K00995,2,1,3,0,0,2
KO:K00997,2,0,3,0,2,1
KO:K01000,1,2,1,0,0,1
KO:K01007,4,5,5,1,0,1
KO:K01011,4,4,11,0,3,2
KO:K01012,2,1,3,0,0,1
KO:K01056,1,2,3,0,2,1
KO:K01079,2,1,2,0,1,0
KO:K01091,2,3,2,0,0,1
KO:K01092,5,2,5,1,1,1
KO:K01095,1,1,0,0,0,2
KO:K01129,1,2,1,0,0,3
KO:K01142,1,1,1,0,0,0
KO:K01151,1,1,2,0,1,0
KO:K01153,4,3,2,0,0,3
KO:K01154,3,1,1,0,0,1
KO:K01156,1,0,0,0,0,0
KO:K01159,2,1,1,0,0,1
KO:K01173,1,1,0,0,0,0
KO:K01192,1,0,1,2,1,0
KO:K01255,2,2,4,0,1,2
KO:K01262,2,1,3,0,1,1
KO:K01265,2,1,3,1,1,1
KO:K01270,3,0,4,0,0,0
KO:K01295,1,0,1,0,0,0
KO:K01338,3,5,4,5,2,1
KO:K01358,2,1,4,1,3,1
KO:K01409,1,1,4,0,0,1
KO:K01414,4,0,5,0,4,1
KO:K01419,1,1,3,1,4,1
KO:K01420,1,1,0,0,0,1
KO:K01424,2,1,3,0,0,0
KO:K01425,1,0,2,0,0,0
KO:K01433,2,2,3,0,0,0
KO:K01439,4,2,6,0,3,2
KO:K01448,4,2,7,0,0,1
KO:K01462,2,1,4,0,2,2
KO:K01465,6,3,8,0,2,1
KO:K01469,2,3,7,0,2,0
KO:K01487,1,0,1,0,0,0
KO:K01491,4,1,4,0,1,1
KO:K01494,1,0,2,0,0,1
KO:K01495,2,0,3,0,1,1
KO:K01497,3,0,1,1,0,0
KO:K01501,1,0,0,0,0,0
KO:K01505,1,0,1,0,0,0
KO:K01507,2,1,2,1,0,1
KO:K01512,1,0,1,0,0,1
KO:K01524,4,2,5,0,1,1
KO:K01531,1,0,0,0,0,0
KO:K01533,3,4,4,0,1,3
KO:K01537,2,0,2,0,1,0
KO:K01573,2,0,2,0,0,0
KO:K01579,2,1,4,2,3,1
KO:K01585,3,0,5,0,1,0
KO:K01586,3,2,4,0,3,2
KO:K01588,2,1,3,0,1,1
KO:K01591,2,1,2,0,0,1
KO:K01599,2,2,3,0,1,1
KO:K01609,2,1,2,1,1,1
KO:K01610,4,0,7,0,3,0
KO:K01613,3,1,6,0,3,0
KO:K01624,2,2,5,0,3,0
KO:K01626,2,1,5,0,1,0
KO:K01627,2,2,3,0,1,1
KO:K01633,1,0,2,0,0,0
KO:K01644,2,0,2,0,0,0
KO:K01649,4,1,10,1,8,2
KO:K01652,3,3,7,5,4,2
KO:K01653,2,1,5,2,2,1
KO:K01654,3,2,2,0,0,0
KO:K01657,3,3,3,0,0,1
KO:K01658,4,1,3,1,0,1
KO:K01662,2,0,5,1,4,2
KO:K01665,1,0,3,1,0,1
KO:K01673,3,0,4,0,0,1
KO:K01674,4,2,6,1,2,0
KO:K01677,2,0,4,2,3,1
KO:K01678,3,0,5,1,1,1
KO:K01679,1,1,1,1,0,0
KO:K01682,3,2,14,5,3,0
KO:K01687,5,2,8,4,4,2
KO:K01689,2,1,7,4,6,1
KO:K01693,3,1,3,0,0,1
KO:K01695,2,1,4,0,3,1
KO:K01696,3,1,4,0,1,1
KO:K01698,2,2,4,0,3,1
KO:K01703,2,1,3,1,3,1
KO:K01704,2,1,4,3,2,1
KO:K01709,1,0,2,0,0,1
KO:K01710,1,1,1,0,0,0
KO:K01711,1,0,2,0,0,1
KO:K01714,2,1,5,2,1,1
KO:K01719,2,1,4,1,1,1
KO:K01733,4,2,2,0,5,3
KO:K01735,3,2,2,1,1,0
KO:K01736,2,1,4,1,2,2
KO:K01737,2,0,4,0,1,2
KO:K01738,2,0,5,1,2,0
KO:K01740,4,0,9,3,7,0
KO:K01749,2,2,4,0,1,1
KO:K01754,2,2,4,1,1,0
KO:K01755,4,1,7,0,3,1
KO:K01756,2,3,4,0,1,1
KO:K01772,4,1,3,1,1,1
KO:K01775,1,1,1,0,1,1
KO:K01776,3,0,2,0,0,1
KO:K01778,1,1,4,1,2,1
KO:K01783,2,1,1,2,1,1
KO:K01784,2,0,2,0,2,0
KO:K01791,2,3,1,0,0,1
KO:K01802,1,0,2,0,0,0
KO:K01803,2,1,3,0,1,1
KO:K01808,1,0,4,1,1,1
KO:K01810,4,1,3,1,2,1
KO:K01814,2,1,4,0,1,1
KO:K01817,2,1,2,2,1,1
KO:K01845,4,3,5,0,3,1
KO:K01866,1,2,4,0,0,1
KO:K01867,2,1,4,1,1,1
KO:K01868,2,1,6,1,5,1
KO:K01869,4,2,6,0,2,6
KO:K01870,2,5,5,3,7,1
KO:K01872,3,1,5,3,8,1
KO:K01873,4,3,6,0,1,1
KO:K01874,3,1,5,0,1,1
KO:K01875,2,1,6,0,2,2
KO:K01876,4,2,6,1,3,1
KO:K01878,3,1,4,1,1,1
KO:K01879,5,3,3,0,2,1
KO:K01881,3,1,3,2,1,1
KO:K01883,1,1,2,0,1,1
KO:K01884,1,0,2,0,0,0
KO:K01885,5,2,9,0,3,1
KO:K01887,2,1,8,1,3,1
KO:K01889,2,2,3,0,2,1
KO:K01890,4,2,4,1,3,1
KO:K01892,1,1,2,0,2,1
KO:K01895,5,2,13,4,5,2
KO:K01897,3,0,6,2,3,1
KO:K01902,2,1,5,2,1,1
KO:K01903,2,2,6,1,2,1
KO:K01912,1,0,0,0,0,0
KO:K01915,3,3,9,3,4,1
KO:K01918,3,1,1,1,3,1
KO:K01921,1,1,2,1,0,1
KO:K01923,2,1,3,0,3,1
KO:K01924,3,1,5,0,2,3
KO:K01925,1,2,1,0,0,1
KO:K01928,3,1,4,0,3,1
KO:K01929,1,3,1,0,0,1
KO:K01933,2,1,4,3,3,1
KO:K01934,1,3,1,0,0,1
KO:K01935,1,1,2,0,0,1
KO:K01937,2,2,5,0,4,1
KO:K01939,2,1,4,0,4,1
KO:K01940,2,1,3,1,3,1
KO:K01945,3,1,5,0,2,1
KO:K01950,2,3,6,2,1,1
KO:K01951,2,1,6,1,4,2
KO:K01952,8,5,16,1,7,3
KO:K01953,8,2,6,0,0,4
KO:K01955,8,1,6,4,4,4
KO:K01956,2,1,5,2,2,2
KO:K01959,1,0,1,0,0,2
KO:K01960,4,0,8,2,5,2
KO:K01961,2,1,6,1,4,1
KO:K01962,2,1,4,0,4,1
KO:K01963,2,1,3,0,1,1
KO:K01972,3,3,7,0,1,1
KO:K01975,1,0,1,0,1,1
KO:K01991,1,0,1,0,0,1
KO:K02003,3,0,2,0,1,1
KO:K02004,3,0,3,0,1,0
KO:K02006,2,0,2,0,0,1
KO:K02007,2,0,2,0,0,1
KO:K02008,1,0,0,0,0,1
KO:K02014,8,3,6,2,0,7
KO:K02017,2,2,2,0,0,1
KO:K02018,2,1,2,0,0,1
KO:K02019,1,1,2,0,0,1
KO:K02020,1,2,2,2,0,1
KO:K02030,1,1,0,0,0,1
KO:K02031,2,0,1,0,0,1
KO:K02032,2,1,1,0,0,1
KO:K02033,2,2,3,0,0,1
KO:K02034,2,1,3,0,2,1
KO:K02035,2,1,1,0,0,1
KO:K02036,3,3,2,0,0,1
KO:K02037,2,3,3,0,0,1
KO:K02038,2,5,2,0,1,1
KO:K02039,3,1,3,0,1,1
KO:K02040,3,4,1,2,2,1
KO:K02065,3,1,7,0,0,1
KO:K02066,4,1,5,0,1,1
KO:K02067,2,1,5,0,0,1
KO:K02075,1,0,0,0,0,1
KO:K02077,1,0,0,0,0,1
KO:K02078,2,1,3,0,1,1
KO:K02108,2,1,4,2,1,2
KO:K02109,4,2,11,1,5,4
KO:K02110,3,2,3,0,2,1
KO:K02111,2,4,6,4,6,1
KO:K02112,2,4,14,2,7,1
KO:K02113,2,2,8,1,3,1
KO:K02114,2,2,6,2,3,1
KO:K02115,2,3,7,1,4,1
KO:K02160,2,2,3,1,1,1
KO:K02169,1,1,2,0,0,1
KO:K02188,1,0,2,0,0,0
KO:K02189,2,0,3,0,0,0
KO:K02190,2,0,1,0,0,0
KO:K02199,1,0,2,0,0,0
KO:K02221,2,2,3,0,1,1
KO:K02224,2,0,1,0,0,0
KO:K02226,1,1,1,0,0,0
KO:K02231,1,1,2,0,0,0
KO:K02238,2,1,1,0,0,1
KO:K02303,2,0,4,0,1,0
KO:K02304,2,0,1,0,0,1
KO:K02313,1,1,2,0,0,1
KO:K02314,5,1,7,0,3,1
KO:K02316,1,1,2,1,2,1
KO:K02334,2,0,2,1,1,1
KO:K02335,2,2,4,0,0,2
KO:K02337,6,4,6,2,1,1
KO:K02338,3,2,3,0,0,1
KO:K02340,1,1,1,0,0,0
KO:K02341,1,0,2,0,0,1
KO:K02342,5,3,6,2,1,1
KO:K02343,2,1,6,0,0,1
KO:K02355,2,2,9,2,5,1
KO:K02356,3,1,3,0,3,1
KO:K02357,2,1,7,1,4,1
KO:K02358,2,4,13,4,7,8
KO:K02372,4,2,4,1,3,1
KO:K02377,1,0,2,0,0,1
KO:K02387,2,2,3,0,1,1
KO:K02388,2,2,5,1,2,1
KO:K02389,2,2,3,0,0,1
KO:K02390,4,2,10,4,0,1
KO:K02392,5,2,9,1,3,2
KO:K02393,3,3,3,0,0,1
KO:K02394,2,2,4,0,0,1
KO:K02396,3,3,5,1,2,1
KO:K02397,6,2,3,0,0,0
KO:K02400,1,0,1,0,0,1
KO:K02401,1,0,4,0,0,1
KO:K02404,4,2,3,0,1,2
KO:K02405,2,1,4,0,0,2
KO:K02406,12,11,29,6,7,2
KO:K02407,2,4,5,3,1,1
KO:K02408,2,1,3,1,1,1
KO:K02409,1,3,7,0,0,1
KO:K02410,2,5,4,2,0,1
KO:K02411,2,0,3,0,0,0
KO:K02412,3,1,4,0,4,1
KO:K02415,2,1,4,0,1,1
KO:K02416,3,1,3,0,0,1
KO:K02417,3,1,5,0,1,2
KO:K02419,1,1,2,0,0,1
KO:K02420,1,1,2,0,0,1
KO:K02421,1,1,1,0,0,1
KO:K02422,2,4,5,0,1,1
KO:K02428,2,1,2,0,1,1
KO:K02433,2,1,5,1,5,1
KO:K02434,1,2,4,1,2,1
KO:K02435,3,1,3,0,0,1
KO:K02453,2,2,3,0,0,0
KO:K02454,3,4,4,0,0,0
KO:K02455,5,1,3,0,0,0
KO:K02456,4,1,6,1,1,0
KO:K02469,4,3,7,0,3,1
KO:K02470,5,1,6,1,0,3
KO:K02472,2,0,0,0,0,0
KO:K02474,4,0,3,0,1,1
KO:K02481,2,0,4,1,0,0
KO:K02482,2,0,3,0,0,0
KO:K02483,6,1,7,0,1,0
KO:K02484,10,0,10,1,0,3
KO:K02492,2,1,2,0,2,1
KO:K02493,2,2,2,0,0,1
KO:K02495,3,4,5,1,2,2
KO:K02500,2,1,2,2,2,1
KO:K02501,2,1,3,0,1,1
KO:K02503,2,1,4,0,0,1
KO:K02517,1,1,1,0,0,1
KO:K02518,2,1,3,1,1,1
KO:K02519,3,2,5,2,5,1
KO:K02520,2,1,4,1,3,1
KO:K02523,2,2,2,0,1,1
KO:K02527,1,2,4,0,1,1
KO:K02528,4,1,3,3,2,1
KO:K02535,2,3,3,1,2,1
KO:K02536,2,1,5,2,4,1
KO:K02556,3,7,3,1,1,1
KO:K02557,2,5,6,1,1,2
KO:K02563,2,1,3,0,0,1
KO:K02566,2,0,5,0,1,0
KO:K02567,2,0,9,8,3,0
KO:K02568,1,0,5,0,1,0
KO:K02569,1,0,3,0,0,0
KO:K02570,1,0,1,0,0,0
KO:K02573,2,0,5,1,1,0
KO:K02574,2,0,6,0,2,1
KO:K02575,1,0,2,0,0,1
KO:K02600,2,1,5,0,1,1
KO:K02601,2,1,4,1,2,1
KO:K02614,2,0,6,0,2,0
KO:K02619,3,2,3,0,1,1
KO:K02650,1,0,2,0,0,3
KO:K02652,1,2,2,0,0,3
KO:K02653,3,2,1,0,0,2
KO:K02654,2,1,2,0,0,1
KO:K02669,5,2,6,0,2,2
KO:K02687,2,2,4,0,4,1
KO:K02834,2,1,3,0,3,1
KO:K02835,1,2,3,0,2,1
KO:K02836,2,1,3,0,1,1
KO:K02838,2,1,4,1,3,1
KO:K02841,2,2,3,0,0,0
KO:K02843,1,0,2,0,1,1
KO:K02851,1,0,1,0,0,0
KO:K02860,2,2,6,1,3,1
KO:K02863,2,2,7,3,4,1
KO:K02864,2,2,7,3,4,1
KO:K02867,2,1,6,2,4,1
KO:K02871,2,1,6,0,3,1
KO:K02874,2,1,8,2,5,1
KO:K02876,2,1,8,1,6,1
KO:K02878,2,2,6,2,5,1
KO:K02879,2,1,4,1,3,1
KO:K02881,2,1,6,1,4,1
KO:K02884,2,1,3,1,2,1
KO:K02886,2,1,5,2,7,1
KO:K02887,2,1,4,1,3,2
KO:K02888,2,3,3,3,3,1
KO:K02890,2,1,6,3,4,1
KO:K02892,2,1,5,2,4,1
KO:K02895,2,1,8,2,5,1
KO:K02897,2,1,4,0,3,1
KO:K02899,2,1,4,2,3,1
KO:K02902,1,1,0,0,0,1
KO:K02904,2,1,6,2,2,1
KO:K02906,2,2,9,1,3,1
KO:K02909,1,1,0,1,1,1
KO:K02911,2,1,3,1,3,1
KO:K02916,2,1,4,1,3,1
KO:K02926,3,2,9,1,7,1
KO:K02931,2,1,8,2,5,1
KO:K02933,2,1,9,2,8,1
KO:K02935,2,1,7,2,4,1
KO:K02939,2,1,3,0,2,1
KO:K02945,2,1,12,2,4,1
KO:K02946,1,2,3,1,2,2
KO:K02948,2,1,6,0,3,1
KO:K02950,2,1,4,1,2,1
KO:K02952,2,1,6,0,3,1
KO:K02954,1,1,3,2,2,1
KO:K02956,2,1,2,0,1,1
KO:K02959,2,1,3,1,1,1
KO:K02961,2,1,7,2,5,1
KO:K02963,2,2,3,0,1,1
KO:K02965,2,1,6,2,3,1
KO:K02967,2,1,4,1,3,1
KO:K02968,2,1,2,0,0,1
KO:K02970,1,0,4,0,1,1
KO:K02982,2,2,8,2,6,1
KO:K02986,2,1,6,1,7,1
KO:K02988,2,1,7,2,5,1
KO:K02990,2,2,5,0,3,1
KO:K02992,2,1,7,2,6,1
KO:K02994,2,1,9,2,3,1
KO:K02996,2,1,7,1,3,1
KO:K03040,2,2,8,2,4,1
KO:K03043,6,1,10,5,8,1
KO:K03046,2,5,16,4,9,1
KO:K03060,2,1,3,0,2,1
KO:K03070,4,1,3,0,5,1
KO:K03072,2,2,5,1,3,1
KO:K03073,1,1,2,0,0,1
KO:K03074,2,1,3,0,3,1
KO:K03075,2,1,1,0,0,1
KO:K03076,2,3,10,1,3,1
KO:K03086,5,2,5,0,1,3
KO:K03092,4,3,1,0,1,1
KO:K03100,3,1,3,0,2,1
KO:K03101,2,1,2,0,0,1
KO:K03106,3,1,5,0,3,1
KO:K03110,2,2,3,0,0,1
KO:K03111,2,2,7,0,3,1
KO:K03113,1,0,2,0,0,0
KO:K03116,2,1,4,0,1,1
KO:K03117,1,1,2,0,1,1
KO:K03118,2,1,2,1,1,1
KO:K03147,4,2,17,2,7,1
KO:K03149,4,1,5,2,4,1
KO:K03152,2,1,5,2,3,0
KO:K03154,2,0,2,1,2,2
KO:K03168,3,3,2,0,0,1
KO:K03169,2,0,2,0,0,1
KO:K03177,3,2,2,0,0,1
KO:K03179,2,2,2,0,0,1
KO:K03182,4,0,4,0,0,1
KO:K03183,2,1,4,0,2,1
KO:K03186,1,0,1,0,2,1
KO:K03207,1,0,1,0,0,0
KO:K03210,2,1,2,0,1,1
KO:K03216,1,1,1,0,0,0
KO:K03217,3,2,5,0,1,1
KO:K03218,2,1,2,0,1,1
KO:K03269,2,1,3,1,1,0
KO:K03270,2,2,2,0,0,1
KO:K03271,1,2,1,0,2,1
KO:K03272,3,4,3,0,1,0
KO:K03273,1,1,2,0,0,1
KO:K03274,2,1,4,0,0,1
KO:K03284,4,0,4,0,0,1
KO:K03306,3,0,7,0,2,0
KO:K03308,3,1,3,2,2,0
KO:K03313,1,3,4,0,0,0
KO:K03320,4,3,15,1,2,4
KO:K03321,2,1,4,0,2,0
KO:K03386,3,7,7,3,3,2
KO:K03394,1,0,1,0,0,0
KO:K03406,5,19,26,1,0,5
KO:K03407,6,6,14,0,2,1
KO:K03408,1,4,4,0,0,3
KO:K03413,1,5,6,0,1,1
KO:K03415,3,7,5,1,1,1
KO:K03424,1,2,3,0,0,1
KO:K03427,2,1,7,0,0,1
KO:K03431,3,2,3,1,2,0
KO:K03438,1,1,4,0,1,1
KO:K03439,1,1,1,2,1,0
KO:K03446,3,0,6,1,1,1
KO:K03455,3,2,2,0,0,1
KO:K03465,2,0,3,0,0,1
KO:K03466,2,0,3,0,0,0
KO:K03469,2,1,3,0,1,1
KO:K03470,1,0,2,1,1,1
KO:K03474,1,1,3,0,0,1
KO:K03495,3,1,4,1,4,1
KO:K03496,3,3,3,1,1,1
KO:K03497,1,2,4,0,1,1
KO:K03501,2,2,2,1,0,1
KO:K03517,2,1,6,0,2,1
KO:K03524,2,0,2,0,0,1
KO:K03525,1,1,2,0,1,1
KO:K03526,3,0,6,0,3,1
KO:K03527,2,0,4,0,0,1
KO:K03531,2,2,5,1,3,2
KO:K03536,2,1,2,0,2,0
KO:K03543,2,0,4,2,3,1
KO:K03544,2,2,3,2,4,1
KO:K03545,2,1,6,0,4,1
KO:K03546,3,0,5,0,0,1
KO:K03550,1,1,2,0,0,1
KO:K03551,2,0,4,2,2,1
KO:K03553,2,1,3,2,4,1
KO:K03555,4,1,5,0,0,1
KO:K03558,1,0,2,0,0,0
KO:K03559,4,1,4,0,0,2
KO:K03561,4,1,3,0,0,2
KO:K03563,2,0,0,0,0,0
KO:K03564,4,1,6,0,0,1
KO:K03569,2,1,4,1,3,1
KO:K03570,1,0,2,0,2,1
KO:K03574,1,2,2,0,0,2
KO:K03575,2,2,3,0,1,1
KO:K03581,1,1,3,0,0,0
KO:K03582,1,4,3,0,0,0
KO:K03587,3,2,5,1,2,1
KO:K03588,2,1,1,0,0,1
KO:K03590,2,2,5,0,0,1
KO:K03593,6,1,16,6,10,3
KO:K03594,2,0,6,1,0,1
KO:K03595,2,2,4,1,2,2
KO:K03596,5,1,10,1,4,1
KO:K03601,2,2,3,0,2,0
KO:K03602,2,1,2,0,0,0
KO:K03605,3,1,6,1,3,1
KO:K03608,2,1,2,0,1,1
KO:K03609,3,1,2,0,2,1
KO:K03610,2,0,3,0,1,1
KO:K03620,6,1,12,4,6,1
KO:K03621,2,1,4,2,3,1
KO:K03624,2,1,4,1,1,0
KO:K03625,2,1,6,0,2,1
KO:K03628,3,2,5,1,2,1
KO:K03630,1,1,2,0,0,1
KO:K03631,1,2,3,0,0,1
KO:K03635,4,1,4,0,2,1
KO:K03636,1,1,2,0,1,2
KO:K03637,2,1,3,0,0,0
KO:K03639,3,2,2,0,1,1
KO:K03640,2,3,4,1,2,0
KO:K03641,2,1,3,0,1,0
KO:K03642,2,0,2,0,0,0
KO:K03644,1,2,1,0,0,1
KO:K03648,1,0,1,1,0,0
KO:K03650,2,1,1,0,0,1
KO:K03654,1,0,5,0,0,0
KO:K03655,5,2,8,0,0,1
KO:K03657,2,1,10,1,0,1
KO:K03664,2,1,1,0,0,1
KO:K03667,4,1,4,2,5,1
KO:K03671,2,5,3,1,1,1
KO:K03672,3,1,4,0,0,0
KO:K03685,2,1,3,0,1,1
KO:K03686,1,1,2,0,1,2
KO:K03687,2,1,3,2,1,1
KO:K03694,4,1,9,4,5,0
KO:K03695,7,4,7,6,4,1
KO:K03701,2,3,5,0,1,1
KO:K03702,1,1,6,0,0,1
KO:K03703,2,1,3,0,0,1
KO:K03704,1,2,2,0,0,0
KO:K03705,1,0,1,1,0,0
KO:K03711,3,1,5,0,1,4
KO:K03716,1,0,2,0,0,0
KO:K03723,2,2,8,0,0,1
KO:K03734,1,0,1,1,2,1
KO:K03741,1,0,1,0,2,1
KO:K03743,1,1,3,0,0,0
KO:K03749,1,0,0,0,0,0
KO:K03750,6,1,7,1,3,1
KO:K03752,3,0,4,1,1,1
KO:K03753,2,0,2,0,1,1
KO:K03768,1,2,3,0,1,2
KO:K03770,5,1,3,0,1,1
KO:K03775,2,4,5,3,4,1
KO:K03776,3,2,4,0,0,2
KO:K03786,3,3,4,0,1,0
KO:K03787,1,1,2,0,1,1
KO:K03796,1,0,3,1,2,1
KO:K03797,2,1,4,0,1,1
KO:K03798,2,1,7,2,8,1
KO:K03799,2,2,3,1,0,2
KO:K03801,1,1,1,0,0,1
KO:K03809,3,0,2,0,0,0
KO:K03813,2,0,0,0,0,0
KO:K03820,1,1,0,0,0,1
KO:K03831,1,1,2,0,0,0
KO:K03832,1,2,1,0,0,1
KO:K03841,2,3,4,1,2,1
KO:K03885,4,0,9,0,1,0
KO:K03892,1,2,1,0,1,1
KO:K03924,8,2,4,1,1,1
KO:K03926,2,0,2,0,1,1
KO:K03977,2,1,3,1,1,1
KO:K03978,2,1,2,0,0,1
KO:K03979,2,1,2,2,3,1
KO:K03980,1,0,1,0,0,1
KO:K04042,2,3,4,0,2,1
KO:K04043,2,3,5,2,5,2
KO:K04061,1,0,0,0,0,1
KO:K04066,2,0,1,0,0,1
KO:K04068,1,0,0,0,0,0
KO:K04069,2,1,4,0,0,1
KO:K04075,2,1,3,0,0,1
KO:K04077,2,2,9,3,6,1
KO:K04078,1,2,1,0,1,1
KO:K04079,1,3,3,1,1,0
KO:K04084,2,1,7,0,1,0
KO:K04096,1,1,1,0,0,1
KO:K04485,1,1,4,0,0,1
KO:K04486,3,0,4,0,1,0
KO:K04487,3,0,11,3,9,2
KO:K04488,2,0,2,0,1,1
KO:K04517,2,2,1,0,1,1
KO:K04562,3,2,4,0,0,2
KO:K04567,3,1,4,1,5,2
KO:K04651,4,1,6,0,3,1
KO:K04652,2,1,5,1,2,1
KO:K04653,2,2,5,0,2,1
KO:K04654,3,1,8,0,2,1
KO:K04655,4,1,5,0,4,1
KO:K04656,1,2,2,1,3,2
KO:K04744,1,0,4,0,1,1
KO:K04749,1,0,1,0,1,0
KO:K04751,4,1,8,2,1,3
KO:K04758,2,1,4,0,2,1
KO:K04759,2,4,6,1,3,1
KO:K04763,2,2,2,0,0,3
KO:K04771,4,2,4,1,2,2
KO:K04773,1,1,3,0,0,1
KO:K04782,1,0,0,0,0,0
KO:K05337,1,0,1,0,1,1
KO:K05366,2,1,2,0,0,1
KO:K05515,3,0,1,0,0,1
KO:K05516,2,2,3,3,1,0
KO:K05540,1,2,1,0,1,0
KO:K05592,2,1,7,0,4,1
KO:K05601,2,0,0,0,0,0
KO:K05807,1,1,2,0,1,1
KO:K05808,2,0,4,1,1,1
KO:K05810,1,1,1,0,0,1
KO:K05820,2,1,3,0,1,0
KO:K05837,1,1,1,0,0,1
KO:K05844,1,3,1,0,0,0
KO:K05916,1,0,2,0,0,1
KO:K05919,2,0,3,3,2,1
KO:K05922,6,1,18,6,12,1
KO:K05927,3,0,12,3,6,1
KO:K05934,1,0,1,0,0,0
KO:K05988,2,0,0,0,0,0
KO:K06013,3,1,4,0,0,0
KO:K06041,2,2,2,1,1,1
KO:K06042,1,0,1,0,0,0
KO:K06076,4,3,9,0,5,1
KO:K06147,2,0,2,0,0,0
KO:K06148,3,3,4,0,1,1
KO:K06153,2,0,2,0,0,1
KO:K06168,4,1,6,1,2,1
KO:K06173,2,1,1,0,1,1
KO:K06176,1,2,3,0,0,2
KO:K06178,2,1,5,1,2,1
KO:K06180,4,1,6,0,1,2
KO:K06187,2,1,2,0,0,1
KO:K06193,1,2,1,0,1,0
KO:K06199,1,1,3,0,0,1
KO:K06204,2,1,3,1,0,5
KO:K06207,3,3,6,0,3,1
KO:K06213,1,1,2,0,0,1
KO:K06218,2,1,2,0,0,0
KO:K06281,1,4,0,0,0,0
KO:K06282,2,3,3,0,0,1
KO:K06287,2,1,3,0,3,0
KO:K06346,1,0,3,0,0,0
KO:K06442,1,0,2,0,0,1
KO:K06603,1,4,3,0,1,1
KO:K06861,2,0,2,1,0,1
KO:K06867,1,0,3,0,1,0
KO:K06881,2,0,4,0,1,1
KO:K06882,1,0,3,0,2,0
KO:K06883,1,0,0,0,0,0
KO:K06886,3,0,4,1,3,0
KO:K06888,7,1,11,1,1,3
KO:K06889,1,0,1,0,0,1
KO:K06891,2,1,3,0,2,1
KO:K06911,1,0,0,0,0,0
KO:K06918,2,0,2,0,0,0
KO:K06920,2,1,3,0,0,2
KO:K06921,3,0,5,0,0,2
KO:K06925,1,1,2,1,1,1
KO:K06929,2,0,3,0,2,0
KO:K06940,2,0,3,1,0,1
KO:K06941,1,1,2,0,2,2
KO:K06942,2,1,2,0,1,2
KO:K06950,1,0,1,0,0,0
KO:K06960,3,0,4,1,2,1
KO:K06966,5,1,2,0,0,1
KO:K06990,1,2,2,0,0,1
KO:K06997,1,2,3,0,0,1
KO:K07000,2,1,5,1,0,1
KO:K07001,4,2,5,0,0,0
KO:K07002,2,0,2,0,0,0
KO:K07007,6,0,8,1,6,0
KO:K07010,1,0,2,0,0,0
KO:K07023,3,0,2,1,0,0
KO:K07024,1,0,1,0,0,0
KO:K07027,1,1,3,0,0,1
KO:K07042,1,1,2,0,0,1
KO:K07043,1,0,4,0,0,1
KO:K07056,1,0,1,1,1,1
KO:K07058,1,0,2,1,0,0
KO:K07062,1,0,1,0,0,2
KO:K07071,2,0,2,0,0,0
KO:K07082,1,1,0,0,0,1
KO:K07090,2,4,3,0,1,2
KO:K07091,1,0,2,0,0,1
KO:K07095,1,0,2,0,0,0
KO:K07097,1,0,2,0,0,0
KO:K07100,1,1,2,0,2,0
KO:K07107,1,1,2,0,1,1
KO:K07112,4,3,4,0,2,1
KO:K07113,2,1,3,0,1,0
KO:K07114,12,5,7,0,0,0
KO:K07126,5,0,5,0,0,0
KO:K07133,3,0,1,0,0,2
KO:K07139,2,0,5,0,2,1
KO:K07151,4,0,4,0,0,0
KO:K07164,3,0,3,0,2,1
KO:K07171,2,1,1,0,0,1
KO:K07172,1,1,1,0,0,1
KO:K07173,2,1,3,1,1,0
KO:K07181,1,4,1,0,0,1
KO:K07182,3,0,5,0,1,0
KO:K07233,2,2,2,0,0,1
KO:K07234,1,1,0,0,0,0
KO:K07257,1,0,0,0,0,0
KO:K07265,1,1,1,0,0,0
KO:K07266,2,0,0,0,0,0
KO:K07277,4,2,3,0,0,2
KO:K07278,1,0,1,0,0,0
KO:K07288,1,0,1,0,1,0
KO:K07300,2,0,1,1,0,0
KO:K07301,1,1,0,0,0,1
KO:K07304,2,3,3,1,1,0
KO:K07305,1,0,3,0,1,0
KO:K07315,1,0,1,0,1,0
KO:K07337,1,0,2,0,0,0
KO:K07340,1,0,1,0,1,0
KO:K07391,3,1,3,1,2,1
KO:K07447,1,1,1,0,0,1
KO:K07448,1,0,0,0,0,1
KO:K07456,3,0,8,0,0,1
KO:K07457,2,0,3,0,0,1
KO:K07460,1,1,2,0,1,1
KO:K07462,1,2,4,0,1,1
KO:K07478,3,3,4,0,1,0
KO:K07491,1,0,1,0,0,2
KO:K07496,7,0,0,1,0,24
KO:K07504,1,0,1,0,0,0
KO:K07533,1,0,2,0,0,0
KO:K07560,1,1,1,0,0,1
KO:K07568,2,1,3,0,0,1
KO:K07710,2,0,3,0,0,0
KO:K07787,2,0,5,0,0,1
KO:K07798,3,0,2,0,0,1
KO:K07814,3,0,6,1,2,1
KO:K08077,2,0,2,0,1,0
KO:K08097,2,0,2,0,0,0
KO:K08289,2,1,3,2,1,1
KO:K08296,2,1,3,0,0,0
KO:K08303,2,1,3,1,2,2
KO:K08307,3,2,4,0,0,2
KO:K08309,2,0,2,0,1,1
KO:K08311,2,1,4,0,2,0
KO:K08352,1,0,5,5,0,0
KO:K08591,2,1,2,0,0,1
KO:K08679,3,1,3,0,1,0
KO:K08738,3,2,3,0,1,2
KO:K08973,2,1,4,0,3,1
KO:K08976,2,0,3,0,1,0
KO:K08984,1,0,2,0,0,0
KO:K08990,1,0,1,0,0,0
KO:K09000,2,0,0,0,0,0
KO:K09002,1,0,2,0,0,1
KO:K09004,4,2,7,0,0,2
KO:K09022,2,0,3,0,2,1
KO:K09116,3,0,4,0,0,0
KO:K09117,1,1,3,0,1,2
KO:K09131,2,1,3,0,0,1
KO:K09137,2,0,2,0,0,0
KO:K09141,1,1,1,0,0,1
KO:K09158,2,1,2,0,0,0
KO:K09457,2,0,2,0,1,1
KO:K09458,2,1,4,1,3,1
KO:K09689,1,0,0,0,0,0
KO:K09710,2,1,3,0,1,1
KO:K09747,2,1,4,2,2,1
KO:K09748,2,1,3,0,2,1
KO:K09760,1,1,3,0,0,0
KO:K09761,3,2,3,0,1,1
KO:K09764,1,0,1,0,0,1
KO:K09765,1,0,4,1,1,2
KO:K09767,2,0,4,0,1,0
KO:K09768,1,0,0,0,0,0
KO:K09769,2,0,3,0,0,1
KO:K09774,2,1,3,0,0,1
KO:K09778,2,0,3,0,2,0
KO:K09792,2,1,2,0,0,1
KO:K09794,1,0,3,0,1,1
KO:K09798,3,0,2,0,0,0
KO:K09800,1,0,0,0,0,0
KO:K09804,2,0,5,1,1,2
KO:K09811,1,0,1,0,0,0
KO:K09812,1,0,1,1,0,0
KO:K09815,3,1,4,1,2,1
KO:K09816,2,1,3,0,0,1
KO:K09817,2,1,1,0,0,1
KO:K09825,2,0,1,0,0,1
KO:K09858,2,0,2,0,1,0
KO:K09860,1,2,3,1,0,0
KO:K09861,1,1,2,0,1,0
KO:K09903,2,1,3,0,3,1
KO:K09930,2,0,2,0,1,0
KO:K09944,1,0,2,0,0,1
KO:K09960,1,0,0,0,0,0
KO:K09979,1,0,0,0,0,0
KO:K10094,1,1,0,0,0,1
KO:K10107,1,0,0,0,0,0
KO:K10282,1,0,1,0,0,0
KO:K10380,3,0,2,1,1,0
KO:K10536,2,0,3,0,1,1
KO:K10716,2,1,1,0,0,2
KO:K10747,1,0,2,0,0,0
KO:K10773,2,2,2,0,0,2
KO:K10857,2,0,3,0,1,0
KO:K11003,2,0,2,0,0,0
KO:K11004,2,0,0,0,0,0
KO:K11065,2,0,6,2,4,0
KO:K11085,1,0,4,0,0,1
KO:K11175,1,1,2,0,1,3
KO:K11216,2,0,2,0,0,0
KO:K11312,1,0,1,0,0,0
KO:K11392,1,4,1,0,0,0
KO:K11473,2,0,6,1,2,1
KO:K11720,1,1,0,0,0,0
KO:K11749,3,2,3,0,0,1
KO:K11752,1,2,2,1,2,1
KO:K11753,2,1,2,0,0,1
KO:K11754,2,2,0,0,0,1
KO:K11755,2,0,3,2,1,1
KO:K11782,1,0,1,0,0,2
KO:K11784,2,0,8,0,4,1
KO:K11785,1,0,2,0,0,1
KO:K11927,1,0,1,0,0,0
KO:K11996,1,1,3,0,0,3
KO:K12251,3,0,2,1,1,1
KO:K12278,1,0,1,0,0,0
KO:K12410,1,0,1,0,2,0
KO:K12452,1,0,3,0,0,2
KO:K12454,2,0,2,0,0,1
KO:K12506,2,0,4,0,1,0
KO:K12573,3,3,4,1,0,1
KO:K12574,3,0,4,6,1,0
KO:K13007,1,0,1,0,0,0
KO:K13038,3,2,2,1,1,1
KO:K13040,2,0,1,0,0,0
KO:K13292,3,1,4,0,0,1
KO:K13590,1,5,2,0,0,2
KO:K13626,2,0,3,1,0,0
KO:K13640,2,0,3,2,2,1
KO:K13747,2,0,4,1,4,0
KO:K13788,4,0,6,1,0,0
KO:K13797,8,0,21,9,17,0
KO:K13819,2,0,11,2,7,0
KO:K13924,1,0,1,0,0,0
KO:K13993,1,3,3,1,1,4
KO:K14086,2,0,7,3,0,0
KO:K14087,1,0,5,1,1,0
KO:K14090,1,0,5,3,0,0
KO:K14155,2,0,2,0,0,0
KO:K14170,3,1,5,1,1,1
KO:K14261,4,1,4,0,5,1
KO:K14393,4,3,5,0,2,0
KO:K14445,1,0,1,0,0,1
KO:K14652,1,1,3,0,0,1
KO:K15022,3,0,9,2,10,0
KO:K15230,2,0,9,2,4,1
KO:K15231,2,0,6,1,3,2
KO:K15256,2,1,2,0,0,0
KO:K15257,2,1,7,0,2,0
KO:K15371,5,0,5,0,0,0
KO:K15461,3,1,4,0,0,0
KO:K15633,3,1,5,0,3,0
KO:K15634,1,0,1,0,0,2
KO:K15726,4,1,7,0,2,1
KO:K15738,2,1,6,0,0,0
KO:K15778,3,2,4,1,3,0
KO:K15894,2,0,5,0,0,0
KO:K15897,1,0,2,0,0,0
KO:K15898,2,0,4,0,0,0
KO:K15899,3,0,2,0,0,0
KO:K15912,3,0,3,0,1,0
KO:K15914,1,0,2,0,0,0
KO:K15973,1,0,1,0,1,0
KO:K15977,3,0,3,0,0,0
KO:K16052,3,2,1,0,0,1
KO:K16092,1,1,3,1,1,0
KO:K16264,1,1,2,0,0,1
KO:K16881,2,0,4,1,1,0
KO:K16915,1,0,1,0,0,1
KO:K17050,3,0,16,2,8,1
KO:K17051,3,0,11,1,2,1
KO:K17052,2,0,10,2,2,1
KO:K17103,3,1,6,1,1,0
KO:K17218,7,4,16,6,4,2
KO:K17222,2,2,16,0,3,1
KO:K17223,3,2,7,0,3,1
KO:K17224,3,2,18,1,4,1
KO:K17226,4,2,16,0,6,1
KO:K17227,3,2,12,0,4,1
KO:K17248,1,1,1,0,0,0
KO:K17250,1,0,0,0,0,0
KO:K17251,4,0,4,0,0,0
KO:K17472,1,0,2,0,0,0
KO:K17675,3,0,5,1,2,0
KO:K17686,2,0,5,0,1,2
KO:K17763,2,0,2,0,0,0
KO:K18106,1,0,6,1,3,0
KO:K18135,1,0,3,0,0,0
KO:K18284,2,0,5,0,2,0
KO:K18285,3,0,2,0,1,1
KO:K18682,2,0,3,0,3,1
KO:K19076,1,0,0,0,0,0
KO:K19117,2,0,1,2,0,0
KO:K19118,1,0,0,1,0,0
KO:K19119,1,0,1,1,0,0
KO:K19139,1,0,1,0,0,1
KO:K19140,1,0,1,0,0,1
KO:K19142,1,0,1,0,0,0
KO:K19158,1,0,1,0,0,0
KO:K19170,1,0,0,0,0,0
KO:K19171,2,0,0,0,0,0
KO:K19221,1,1,1,0,0,0
KO:K19302,1,0,2,0,0,0
KO:K19416,2,0,5,3,2,2
KO:K19783,1,0,1,0,0,0
KO:K00001,0,1,0,0,0,1
KO:K00021,0,2,0,0,0,0
KO:K00034,0,2,0,0,0,0
KO:K00050,0,2,0,0,0,0
KO:K00163,0,1,1,0,0,0
KO:K00228,0,1,0,0,0,0
KO:K00275,0,1,0,0,0,0
KO:K00287,0,1,0,0,0,0
KO:K00297,0,1,0,0,0,1
KO:K00335,0,1,0,0,0,1
KO:K00362,0,3,0,0,0,0
KO:K00363,0,1,0,0,0,0
KO:K00380,0,3,0,0,0,0
KO:K00383,0,2,0,0,0,0
KO:K00523,0,1,0,0,0,0
KO:K00534,0,2,0,0,0,0
KO:K00558,0,2,2,0,1,2
KO:K00560,0,1,0,0,0,0
KO:K00568,0,1,0,0,0,0
KO:K00569,0,2,0,0,0,0
KO:K00575,0,1,1,0,0,1
KO:K00647,0,1,0,0,0,0
KO:K00754,0,1,1,0,0,0
KO:K00768,0,3,0,0,0,0
KO:K00799,0,1,0,0,0,0
KO:K00824,0,1,0,0,0,0
KO:K00831,0,1,0,0,0,0
KO:K00846,0,2,0,0,0,0
KO:K00847,0,2,0,0,0,0
KO:K00854,0,1,0,0,0,0
KO:K00855,0,4,0,0,0,0
KO:K00869,0,2,0,0,0,0
KO:K00873,0,1,0,0,0,1
KO:K00924,0,1,0,0,0,0
KO:K00936,0,1,2,0,0,0
KO:K00937,0,2,0,0,0,0
KO:K00941,0,1,0,0,0,1
KO:K00945,0,1,0,0,0,1
KO:K00970,0,1,0,0,0,1
KO:K00989,0,2,0,0,0,1
KO:K00992,0,1,0,0,0,0
KO:K01008,0,2,0,0,0,0
KO:K01069,0,2,0,0,0,0
KO:K01082,0,1,2,0,0,0
KO:K01090,0,1,0,0,0,0
KO:K01104,0,1,0,0,0,0
KO:K01207,0,1,0,0,0,0
KO:K01243,0,2,0,0,0,0
KO:K01256,0,2,0,0,0,0
KO:K01356,0,1,0,0,0,0
KO:K01515,0,2,0,0,0,0
KO:K01520,0,1,0,0,0,0
KO:K01525,0,2,0,0,0,1
KO:K01534,0,1,0,0,0,0
KO:K01581,0,2,0,0,0,0
KO:K01589,0,1,0,0,0,1
KO:K01595,0,1,0,0,0,0
KO:K01597,0,1,0,0,0,0
KO:K01601,0,3,3,0,0,0
KO:K01602,0,1,0,0,0,0
KO:K01611,0,1,0,0,0,2
KO:K01641,0,1,0,0,0,0
KO:K01647,0,1,0,0,0,0
KO:K01716,0,1,0,0,0,0
KO:K01768,0,3,0,0,0,0
KO:K01807,0,1,0,0,0,0
KO:K01823,0,2,0,0,0,0
KO:K01840,0,2,0,0,0,0
KO:K01894,0,1,0,0,0,0
KO:K01919,0,2,0,0,0,0
KO:K01920,0,2,0,0,0,0
KO:K01990,0,1,0,0,0,0
KO:K01992,0,3,0,0,0,0
KO:K01993,0,1,0,0,0,0
KO:K02013,0,1,0,0,0,0
KO:K02015,0,1,0,0,0,0
KO:K02016,0,3,1,0,0,0
KO:K02051,0,1,0,0,0,0
KO:K02069,0,1,0,0,0,1
KO:K02116,0,2,0,0,0,1
KO:K02204,0,1,0,0,0,0
KO:K02217,0,2,0,0,0,0
KO:K02233,0,1,0,0,0,0
KO:K02302,0,1,0,0,0,2
KO:K02391,0,4,0,0,0,0
KO:K02395,0,1,0,0,0,1
KO:K02398,0,1,0,0,0,0
KO:K02418,0,1,0,0,0,0
KO:K02426,0,1,0,0,0,0
KO:K02427,0,2,0,0,0,0
KO:K02457,0,1,0,0,0,0
KO:K02458,0,1,0,0,0,0
KO:K02459,0,1,0,0,0,0
KO:K02460,0,1,0,0,0,0
KO:K02488,0,1,0,0,0,0
KO:K02498,0,1,0,0,0,0
KO:K02502,0,1,0,0,0,1
KO:K02533,0,1,0,0,0,0
KO:K02558,0,1,0,0,0,0
KO:K02621,0,3,0,0,0,0
KO:K02622,0,2,0,0,0,0
KO:K02670,0,1,0,0,0,0
KO:K02825,0,1,0,0,0,0
KO:K02837,0,2,0,0,0,0
KO:K02907,0,1,2,0,0,1
KO:K02913,0,1,0,0,0,1
KO:K02914,0,1,0,1,0,1
KO:K03071,0,1,0,0,0,0
KO:K03089,0,1,0,0,0,0
KO:K03151,0,1,0,0,0,0
KO:K03185,0,2,0,0,0,0
KO:K03192,0,1,0,0,0,0
KO:K03215,0,2,0,0,0,1
KO:K03286,0,4,0,0,0,0
KO:K03304,0,1,0,0,0,0
KO:K03309,0,2,0,0,0,0
KO:K03322,0,2,0,0,0,0
KO:K03412,0,2,3,0,0,1
KO:K03414,0,2,0,0,0,1
KO:K03473,0,2,0,0,0,0
KO:K03498,0,1,1,0,0,0
KO:K03499,0,1,2,0,0,0
KO:K03500,0,1,0,0,0,0
KO:K03502,0,2,0,0,0,0
KO:K03503,0,1,0,0,0,0
KO:K03528,0,1,0,0,0,0
KO:K03529,0,1,0,0,0,1
KO:K03530,0,1,2,0,1,2
KO:K03557,0,1,0,0,0,0
KO:K03560,0,1,0,0,0,0
KO:K03562,0,1,0,0,0,0
KO:K03565,0,1,0,0,0,1
KO:K03572,0,2,0,0,0,1
KO:K03578,0,2,0,0,0,0
KO:K03583,0,2,0,0,0,0
KO:K03584,0,1,0,0,0,1
KO:K03599,0,2,0,0,0,0
KO:K03600,0,1,0,0,0,0
KO:K03613,0,2,0,0,0,0
KO:K03618,0,1,0,0,0,0
KO:K03619,0,1,0,0,0,0
KO:K03629,0,2,0,0,0,0
KO:K03634,0,1,0,0,0,0
KO:K03643,0,1,0,0,0,0
KO:K03646,0,2,0,0,0,0
KO:K03652,0,1,0,0,0,0
KO:K03656,0,2,0,0,0,0
KO:K03665,0,1,0,0,0,1
KO:K03666,0,1,0,0,0,2
KO:K03673,0,1,0,0,0,0
KO:K03676,0,1,0,0,0,0
KO:K03683,0,1,0,0,0,0
KO:K03684,0,2,0,0,0,0
KO:K03688,0,2,0,0,0,0
KO:K03690,0,1,0,0,0,0
KO:K03709,0,1,0,0,0,0
KO:K03722,0,1,0,0,0,0
KO:K03733,0,1,0,0,0,1
KO:K03746,0,3,0,0,0,0
KO:K03771,0,1,0,0,0,1
KO:K03773,0,1,0,0,0,0
KO:K03774,0,1,0,0,0,0
KO:K03803,0,1,0,0,0,0
KO:K03839,0,1,0,0,0,0
KO:K03972,0,1,0,0,0,0
KO:K03981,0,2,0,0,0,3
KO:K04083,0,3,0,0,0,0
KO:K04087,0,1,0,0,0,0
KO:K04088,0,1,1,0,0,0
KO:K04564,0,3,0,0,0,1
KO:K04748,0,1,0,0,0,0
KO:K04752,0,2,0,0,0,0
KO:K04754,0,1,0,0,0,0
KO:K04761,0,1,0,0,0,0
KO:K04762,0,1,0,0,0,0
KO:K04764,0,1,0,0,0,1
KO:K04767,0,2,0,0,0,0
KO:K04770,0,4,0,0,0,0
KO:K05527,0,1,0,0,0,0
KO:K05539,0,1,0,0,0,0
KO:K05589,0,1,0,0,0,1
KO:K05590,0,2,0,0,0,0
KO:K05685,0,1,0,0,0,0
KO:K05787,0,1,0,0,0,0
KO:K05838,0,2,0,0,0,1
KO:K05896,0,2,0,0,0,1
KO:K05939,0,2,0,0,0,0
KO:K06020,0,1,0,0,0,0
KO:K06077,0,1,0,0,0,0
KO:K06131,0,1,0,0,0,1
KO:K06142,0,1,0,0,0,1
KO:K06149,0,1,0,0,0,0
KO:K06177,0,1,0,0,0,0
KO:K06179,0,1,0,0,0,0
KO:K06186,0,1,0,0,0,0
KO:K06189,0,2,0,0,0,0
KO:K06190,0,1,0,0,0,0
KO:K06206,0,1,0,0,0,1
KO:K06217,0,2,0,0,0,1
KO:K06219,0,1,0,0,0,0
KO:K06879,0,1,0,0,0,0
KO:K06905,0,3,1,0,0,0
KO:K06906,0,1,0,0,0,0
KO:K06907,0,2,2,0,0,0
KO:K06908,0,1,1,0,0,0
KO:K06917,0,2,0,0,0,0
KO:K06949,0,1,0,0,0,1
KO:K06957,0,2,0,0,0,0
KO:K06969,0,1,0,0,0,1
KO:K06972,0,2,0,0,0,0
KO:K06980,0,2,0,0,0,1
KO:K06995,0,1,0,0,0,0
KO:K06999,0,1,0,0,0,0
KO:K07018,0,2,0,0,0,0
KO:K07025,0,1,0,0,0,0
KO:K07028,0,1,0,0,0,0
KO:K07040,0,1,0,0,0,1
KO:K07053,0,1,0,0,0,0
KO:K07075,0,1,2,0,0,0
KO:K07076,0,2,0,0,0,1
KO:K07102,0,1,0,0,0,0
KO:K07121,0,1,0,0,0,0
KO:K07122,0,1,0,0,0,0
KO:K07152,0,1,0,0,0,1
KO:K07153,0,1,0,0,0,0
KO:K07175,0,2,0,0,0,0
KO:K07184,0,1,0,0,0,0
KO:K07213,0,1,0,0,0,0
KO:K07258,0,1,0,0,0,0
KO:K07263,0,5,0,0,0,0
KO:K07287,0,1,1,0,0,0
KO:K07320,0,3,0,0,0,0
KO:K07323,0,1,0,0,0,0
KO:K07390,0,1,0,0,0,0
KO:K07394,0,1,0,0,0,0
KO:K07397,0,1,0,0,0,1
KO:K07399,0,3,0,0,0,1
KO:K07458,0,1,0,0,0,0
KO:K07481,0,1,0,0,0,0
KO:K07485,0,2,0,0,0,0
KO:K07488,0,1,0,0,0,0
KO:K07497,0,6,0,0,0,0
KO:K07501,0,1,0,0,0,1
KO:K07566,0,1,0,0,0,1
KO:K07574,0,1,0,0,0,0
KO:K07589,0,1,0,0,0,0
KO:K07636,0,1,2,0,0,1
KO:K07637,0,1,0,0,0,0
KO:K07657,0,1,0,0,0,1
KO:K07678,0,1,0,0,0,0
KO:K07708,0,1,0,0,0,0
KO:K07712,0,1,0,0,0,1
KO:K07726,0,4,0,0,0,0
KO:K07733,0,1,0,0,0,0
KO:K07735,0,1,0,0,0,0
KO:K07738,0,1,0,0,0,1
KO:K08300,0,2,0,0,0,0
KO:K08301,0,2,0,0,0,1
KO:K08306,0,1,0,0,0,1
KO:K08312,0,1,0,0,0,0
KO:K08316,0,1,0,0,0,0
KO:K08982,0,1,0,0,0,0
KO:K08998,0,1,0,0,0,1
KO:K09001,0,1,0,0,0,0
KO:K09007,0,2,0,0,0,0
KO:K09010,0,4,0,3,0,1
KO:K09013,0,1,3,0,0,0
KO:K09014,0,2,1,2,0,0
KO:K09015,0,1,1,0,0,0
KO:K09136,0,1,0,0,0,0
KO:K09160,0,1,0,0,0,0
KO:K09780,0,1,0,0,0,0
KO:K09796,0,1,0,0,0,0
KO:K09801,0,1,0,0,0,0
KO:K09803,0,1,0,0,0,0
KO:K09808,0,1,0,0,0,1
KO:K09810,0,1,0,0,0,1
KO:K09889,0,1,0,0,0,0
KO:K09895,0,1,0,0,0,0
KO:K09902,0,1,0,0,0,0
KO:K09928,0,1,0,0,0,0
KO:K09933,0,1,1,0,0,0
KO:K09937,0,1,0,0,0,0
KO:K10563,0,1,0,0,0,0
KO:K10763,0,1,0,0,0,0
KO:K10764,0,1,0,0,0,0
KO:K10778,0,1,0,0,0,0
KO:K10941,0,2,0,0,0,0
KO:K10942,0,2,0,0,0,0
KO:K10943,0,1,0,0,0,0
KO:K11717,0,1,0,0,0,0
KO:K11991,0,1,0,0,0,1
KO:K12262,0,1,0,0,0,0
KO:K12267,0,1,0,0,0,0
KO:K12297,0,2,0,0,0,0
KO:K12339,0,1,0,0,0,1
KO:K12340,0,1,0,0,0,0
KO:K12536,0,2,0,0,0,0
KO:K12537,0,1,0,0,0,0
KO:K12538,0,1,0,0,0,0
KO:K12976,0,2,0,0,0,0
KO:K13069,0,2,0,0,0,0
KO:K13256,0,1,0,0,0,0
KO:K13283,0,2,0,0,0,0
KO:K13288,0,1,0,0,0,0
KO:K13525,0,1,0,0,0,0
KO:K13628,0,1,0,0,0,1
KO:K13789,0,1,0,0,0,1
KO:K13938,0,1,0,0,0,0
KO:K14441,0,2,0,0,0,1
KO:K14682,0,3,0,0,0,0
KO:K14742,0,1,0,0,0,1
KO:K15396,0,1,0,0,0,0
KO:K15724,0,1,0,0,0,0
KO:K17225,0,2,2,0,0,0
KO:K17229,0,1,0,0,0,0
KO:K17713,0,1,0,0,0,0
KO:K17759,0,1,0,0,0,1
KO:K17828,0,1,0,0,0,1
KO:K18302,0,1,0,0,0,0
KO:K18430,0,2,1,0,0,1
KO:K18431,0,1,0,0,0,1
KO:K18800,0,1,0,0,0,0
KO:K18850,0,2,0,0,0,0
KO:K19353,0,1,0,0,0,0
KO:K19641,0,2,0,0,0,0
KO:K19661,0,1,0,0,0,0
KO:K19714,0,1,0,0,0,0
KO:K19715,0,1,0,0,0,0
KO:K00067,0,0,2,0,0,0
KO:K00392,0,0,2,0,2,3
KO:K00571,0,0,1,0,0,1
KO:K00595,0,0,2,0,0,0
KO:K00661,0,0,1,0,0,0
KO:K00860,0,0,2,0,0,0
KO:K00956,0,0,3,0,1,0
KO:K00957,0,0,3,0,1,0
KO:K01126,0,0,1,0,0,0
KO:K01139,0,0,1,0,0,0
KO:K01155,0,0,2,0,0,0
KO:K01185,0,0,1,0,0,0
KO:K01406,0,0,1,0,0,0
KO:K01790,0,0,1,0,0,0
KO:K01854,0,0,2,0,0,0
KO:K02346,0,0,1,0,0,0
KO:K02674,0,0,1,0,0,0
KO:K03547,0,0,2,0,0,0
KO:K03772,0,0,1,0,0,0
KO:K03782,0,0,3,0,0,0
KO:K03976,0,0,1,0,0,0
KO:K04014,0,0,1,0,0,0
KO:K04015,0,0,2,0,0,0
KO:K04720,0,0,1,0,0,0
KO:K04757,0,0,1,0,0,0
KO:K05936,0,0,1,0,0,0
KO:K06139,0,0,1,0,0,0
KO:K06915,0,0,1,0,0,1
KO:K06926,0,0,1,0,0,0
KO:K07066,0,0,1,0,0,0
KO:K07317,0,0,2,0,0,0
KO:K07318,0,0,1,0,0,0
KO:K07452,0,0,1,0,0,0
KO:K07455,0,0,1,0,0,0
KO:K07482,0,0,1,0,1,0
KO:K09187,0,0,1,0,0,0
KO:K09690,0,0,1,0,0,0
KO:K09691,0,0,1,0,0,0
KO:K09859,0,0,3,0,0,0
KO:K09929,0,0,1,0,0,0
KO:K09951,0,0,1,0,0,3
KO:K10924,0,0,1,0,0,0
KO:K11527,0,0,1,0,0,0
KO:K12287,0,0,2,0,0,0
KO:K12544,0,0,1,0,1,0
KO:K12984,0,0,1,0,0,0
KO:K13002,0,0,1,0,0,0
KO:K13010,0,0,1,0,0,1
KO:K13017,0,0,1,0,0,0
KO:K13018,0,0,1,0,0,1
KO:K13019,0,0,1,0,0,1
KO:K13581,0,0,1,0,0,0
KO:K14059,0,0,1,0,0,0
KO:K15342,0,0,1,0,0,3
KO:K15864,0,0,1,0,0,0
KO:K15896,0,0,1,0,0,0
KO:K15915,0,0,1,0,0,0
KO:K16137,0,0,1,0,0,0
KO:K16299,0,0,1,0,0,0
KO:K18828,0,0,1,0,0,0
KO:K19115,0,0,2,0,0,0
KO:K19116,0,0,2,0,0,0
KO:K19138,0,0,1,0,0,1
KO:K19159,0,0,1,0,0,0
KO:K19713,0,0,1,0,0,0
KO:K00626,0,0,0,1,0,0
KO:K00632,0,0,0,1,0,0
KO:K01299,0,0,0,1,0,0
KO:K01834,0,0,0,1,0,1
KO:K01997,0,0,0,1,0,0
KO:K01999,0,0,0,1,0,0
KO:K02919,0,0,0,2,0,1
KO:K05576,0,0,0,1,0,0
KO:K07080,0,0,0,1,0,0
KO:K08151,0,0,0,1,0,0
KO:K09972,0,0,0,1,0,0
KO:K11688,0,0,0,2,0,0
KO:K11690,0,0,0,2,0,0
KO:K12056,0,0,0,1,0,0
KO:K13378,0,0,0,2,0,2
KO:K15866,0,0,0,1,0,0
KO:K02242,0,0,0,0,1,0
KO:K03893,0,0,0,0,2,0
KO:K07316,0,0,0,0,1,0
KO:K00020,0,0,0,0,0,1
KO:K00082,0,0,0,0,0,1
KO:K00355,0,0,0,0,0,1
KO:K00367,0,0,0,0,0,1
KO:K00370,0,0,0,0,0,1
KO:K00371,0,0,0,0,0,1
KO:K00373,0,0,0,0,0,1
KO:K00374,0,0,0,0,0,1
KO:K00389,0,0,0,0,0,1
KO:K00518,0,0,0,0,0,1
KO:K00556,0,0,0,0,0,1
KO:K00639,0,0,0,0,0,1
KO:K00760,0,0,0,0,0,1
KO:K00763,0,0,0,0,0,1
KO:K00772,0,0,0,0,0,1
KO:K00821,0,0,0,0,0,1
KO:K00982,0,0,0,0,0,1
KO:K00991,0,0,0,0,0,1
KO:K01055,0,0,0,0,0,1
KO:K01101,0,0,0,0,0,1
KO:K01160,0,0,0,0,0,1
KO:K01174,0,0,0,0,0,1
KO:K01179,0,0,0,0,0,1
KO:K01251,0,0,0,0,0,2
KO:K01271,0,0,0,0,0,1
KO:K01438,0,0,0,0,0,1
KO:K01470,0,0,0,0,0,1
KO:K01473,0,0,0,0,0,1
KO:K01474,0,0,0,0,0,1
KO:K01619,0,0,0,0,0,1
KO:K01628,0,0,0,0,0,1
KO:K01681,0,0,0,0,0,1
KO:K01724,0,0,0,0,0,1
KO:K01770,0,0,0,0,0,1
KO:K01821,0,0,0,0,0,1
KO:K01843,0,0,0,0,0,1
KO:K01858,0,0,0,0,0,1
KO:K01906,0,0,0,0,0,1
KO:K02044,0,0,0,0,0,2
KO:K02170,0,0,0,0,0,1
KO:K02200,0,0,0,0,0,1
KO:K02237,0,0,0,0,0,1
KO:K02315,0,0,0,0,0,1
KO:K02347,0,0,0,0,0,1
KO:K02386,0,0,0,0,0,1
KO:K02437,0,0,0,0,0,1
KO:K02450,0,0,0,0,0,2
KO:K02499,0,0,0,0,0,1
KO:K02584,0,0,0,0,0,1
KO:K02656,0,0,0,0,0,1
KO:K02662,0,0,0,0,0,1
KO:K02663,0,0,0,0,0,1
KO:K02666,0,0,0,0,0,1
KO:K02667,0,0,0,0,0,1
KO:K02672,0,0,0,0,0,1
KO:K02823,0,0,0,0,0,1
KO:K03153,0,0,0,0,0,1
KO:K03170,0,0,0,0,0,1
KO:K03296,0,0,0,0,0,1
KO:K03316,0,0,0,0,0,1
KO:K03567,0,0,0,0,0,1
KO:K03571,0,0,0,0,0,1
KO:K03585,0,0,0,0,0,1
KO:K03589,0,0,0,0,0,1
KO:K03653,0,0,0,0,0,1
KO:K03696,0,0,0,0,0,1
KO:K03742,0,0,0,0,0,1
KO:K03762,0,0,0,0,0,1
KO:K03767,0,0,0,0,0,1
KO:K03777,0,0,0,0,0,2
KO:K03778,0,0,0,0,0,3
KO:K03785,0,0,0,0,0,2
KO:K03789,0,0,0,0,0,1
KO:K03793,0,0,0,0,0,1
KO:K04094,0,0,0,0,0,1
KO:K04561,0,0,0,0,0,1
KO:K04568,0,0,0,0,0,1
KO:K05520,0,0,0,0,0,1
KO:K05788,0,0,0,0,0,2
KO:K05982,0,0,0,0,0,1
KO:K06183,0,0,0,0,0,1
KO:K06196,0,0,0,0,0,1
KO:K06400,0,0,0,0,0,1
KO:K06412,0,0,0,0,0,1
KO:K06877,0,0,0,0,0,1
KO:K06923,0,0,0,0,0,1
KO:K06945,0,0,0,0,0,1
KO:K06948,0,0,0,0,0,1
KO:K07016,0,0,0,0,0,1
KO:K07057,0,0,0,0,0,1
KO:K07064,0,0,0,0,0,2
KO:K07065,0,0,0,0,0,1
KO:K07124,0,0,0,0,0,2
KO:K07131,0,0,0,0,0,2
KO:K07147,0,0,0,0,0,1
KO:K07154,0,0,0,0,0,1
KO:K07176,0,0,0,0,0,1
KO:K07216,0,0,0,0,0,2
KO:K07228,0,0,0,0,0,1
KO:K07235,0,0,0,0,0,1
KO:K07236,0,0,0,0,0,1
KO:K07237,0,0,0,0,0,1
KO:K07238,0,0,0,0,0,1
KO:K07283,0,0,0,0,0,1
KO:K07403,0,0,0,0,0,1
KO:K07442,0,0,0,0,0,1
KO:K07576,0,0,0,0,0,1
KO:K07658,0,0,0,0,0,2
KO:K07665,0,0,0,0,0,1
KO:K07714,0,0,0,0,0,3
KO:K08281,0,0,0,0,0,1
KO:K08744,0,0,0,0,0,1
KO:K08963,0,0,0,0,0,1
KO:K08964,0,0,0,0,0,1
KO:K08967,0,0,0,0,0,1
KO:K08999,0,0,0,0,0,3
KO:K09009,0,0,0,0,0,1
KO:K09134,0,0,0,0,0,1
KO:K09698,0,0,0,0,0,1
KO:K09790,0,0,0,0,0,1
KO:K09791,0,0,0,0,0,1
KO:K09822,0,0,0,0,0,1
KO:K09880,0,0,0,0,0,1
KO:K09949,0,0,0,0,0,1
KO:K10823,0,0,0,0,0,1
KO:K11645,0,0,0,0,0,1
KO:K11646,0,0,0,0,0,1
KO:K11777,0,0,0,0,0,1
KO:K11928,0,0,0,0,0,1
KO:K12282,0,0,0,0,0,1
KO:K12960,0,0,0,0,0,1
KO:K13016,0,0,0,0,0,1
KO:K13598,0,0,0,0,0,1
KO:K15234,0,0,0,0,0,1
KO:K15727,0,0,0,0,0,1
KO:K16011,0,0,0,0,0,2
KO:K16368,0,0,0,0,0,1
KO:K17733,0,0,0,0,0,1
KO:K17892,0,0,0,0,0,1
KO:K18429,0,0,0,0,0,1
KO:K18556,0,0,0,0,0,1
KO:K18707,0,0,0,0,0,1
KO:K19091,0,0,0,0,0,1
KO:K19143,0,0,0,0,0,1
KO:K19290,0,0,0,0,0,2
KO:K19710,0,0,0,0,0,1
KO:K19761,0,0,0,0,0,1
